code,floss_color,brand,order
351,#ffd8d1,2,1
352,#fcd0cf,2,2
353,#e87d97,2,3
354,#e0618c,2,4
480A,#f5cbd5,2,5
2111,#f2b4bf,2,6
112,#ee9fb5,2,7
113,#e46791,2,8
114,#dc4e88,2,9
2114,#d73773,2,10
115A,#cf1f4e,2,11
2115,#c91c4a,2,12
3115,#c3184c,2,13
203,#f37e99,2,14
204,#da467a,2,15
205A,#d62f63,2,16
240,#c31b3f,2,17
241A,#ad1a46,2,18
1241,#8f1e3a,2,19
242,#8e2045,2,20
2241,#782038,2,21
245,#56213d,2,22
2245,#4a1d3c,2,23
246,#461834,2,24
247,#3f1d35,2,25
499,#f9afbe,2,26
501,#e98aaa,2,27
502,#d65b8a,2,28
503,#c8457b,2,29
504,#c53c70,2,30
505A,#c02c5e,2,31
506,#b81a4b,2,32
2480,#eeb6cf,2,33
481A,#df90b0,2,34
482,#d07499,2,35
483,#bc538c,2,36
484A,#9e4481,2,37
485A,#8f2e73,2,38
486,#79286b,2,39
220,#f6d4cb,2,40
221,#e8b5ba,2,41
2221,#dea5ab,2,42
222,#d38390,2,43
2222,#c46c7c,2,44
223,#a34d72,2,45
2223,#a03b59,2,46
224,#7c2e55,2,47
2224,#6d2a4b,2,48
225,#632741,2,49
226,#47263b,2,50
811,#f9c6c3,2,51
812,#ea9fa4,2,52
813,#d56f7d,2,53
814,#b2445f,2,54
815,#9c3457,2,55
816A,#812147,2,56
431,#dda3a2,2,57
432A,#c07b8e,2,58
433,#a35666,2,59
434,#8b4b5b,2,60
435,#6f3146,2,61
437,#5b1c37,2,62
232,#dda5a8,2,63
233,#d49e9c,2,64
234,#b98a90,2,65
235,#91616d,2,66
236,#694044,2,67
3661,#eccac0,2,68
652,#dfa5a1,2,69
2652,#d29292,2,70
653,#bc716b,2,71
654,#9d4343,2,72
655,#8c3635,2,73
656,#691829,2,74
101,#ffebd8,2,75
102,#f4cfc6,2,76
103A,#e9c2bb,2,77
104,#e4a4a2,2,78
105,#dd868e,2,79
1105,#cc5165,2,80
2105,#c7525b,2,81
106,#c3384f,2,82
107,#b12749,2,83
2242,#a31d40,2,84
108,#971c30,2,85
4300,#841f47,2,86
111,#f8d2d1,2,87
832,#f0c9c2,2,88
833,#efabac,2,89
834A,#d87879,2,90
2835,#d2485f,2,91
206,#d12648,2,92
836,#c72f3c,2,93
838,#ca2239,2,94
2001,#cf1d6b,2,95
2002,#a51864,2,96
2003,#7a1f62,2,97
341,#eabf92,2,98
2341,#e49263,2,99
342,#e27860,2,100
343,#cf3e39,2,101
2343,#c93335,2,102
344,#bd262d,2,103
345,#b71b30,2,104
346,#ad1b2e,2,105
798,#cd1c36,2,106
800,#bf193d,2,107
851,#eab5a5,2,108
852,#e5998b,2,109
853,#e2866f,2,110
854,#ca554e,2,111
855,#b7393c,2,112
857,#a72935,2,113
858,#8f1e30,2,114
461,#ddaf95,2,115
462,#d59a7a,2,116
463,#c2765f,2,117
464,#b35a48,2,118
465,#a14d43,2,119
466,#973a32,2,120
467,#8a222b,2,121
185A,#f7bd95,2,122
2185,#eeae7e,2,123
3185,#d98958,2,124
186,#c26730,2,125
2186,#ba493b,2,126
187,#b03331,2,127
188,#a22028,2,128
402,#f8bb82,2,129
1402,#f0a35f,2,130
2402,#e3864b,2,131
403,#e06d40,2,132
404,#c45037,2,133
405,#ba4d30,2,134
406,#a42d2f,2,135
440,#f0a085,2,136
441,#ec8b6b,2,137
443,#e26343,2,138
444A,#d84138,2,139
445A,#d22634,2,140
340,#f6d8b6,2,141
750A,#efbd9a,2,142
752,#eb9e68,2,143
753,#e77c44,2,144
754,#e1512e,2,145
757,#ce3027,2,146
758,#c8442d,2,147
140,#f6e8b7,2,148
141,#f4e19c,2,149
142,#f8d378,2,150
143,#f4bb48,2,151
144A,#eda725,2,152
145,#e58821,2,153
146,#de6f1d,2,154
147,#c84e1b,2,155
297,#f5ed7e,2,156
2297,#f3e55e,2,157
300,#f2dc27,2,158
301,#f1cc21,2,159
2301,#f0bf1c,2,160
302,#eab318,2,161
3297,#f0ea62,2,162
298,#f2dd4e,2,163
299,#ebe632,2,164
2299,#f3de29,2,165
3299,#ebd621,2,166
2004,#e4d033,2,167
2005,#dcc92f,2,168
2006,#d5b023,2,169
2007,#e5e048,2,170
2008,#eddd2f,2,171
2009,#ccbb2d,2,172
700,#f7d95d,2,173
701,#ecc542,2,174
702,#e6b21e,2,175
2702,#d09513,2,176
703,#bc6f1f,2,177
704,#a35e19,2,178
705A,#8c5a27,2,179
706,#824c2a,2,180
572,#e9d493,2,181
573,#e0ce6c,2,182
2573,#d5ac52,2,183
574,#dfb03c,2,184
575A,#c09256,2,185
576,#a0671a,2,186
577A,#925e2c,2,187
578,#784a28,2,188
771,#dec44d,2,189
772,#d4a91e,2,190
773,#bb921c,2,191
774,#a1731b,2,192
775A,#766128,2,193
776,#714f2a,2,194
820,#e3de7a,2,195
821,#dfc95a,2,196
822,#b49d37,2,197
823,#8d7e29,2,198
825,#79601e,2,199
826,#544c1b,2,200
671,#bab132,2,201
673,#847731,2,202
674,#706a2c,2,203
675A,#565f28,2,204
676,#3e3f1f,2,205
681,#dbdcb0,2,206
682,#cfd494,2,207
683,#bcb86f,2,208
684,#858a48,2,209
685,#6b6a32,2,210
686,#434828,2,211
687,#403c23,2,212
921,#b0c18b,2,213
922,#a4b780,2,214
923,#859861,2,215
924,#5d7b3d,2,216
2924,#4c5230,2,217
925,#444a26,2,218
926,#333d1b,2,219
927,#2f3a32,2,220
629,#dfe09a,2,221
630A,#c1c469,2,222
631,#9cad51,2,223
2631,#87974c,2,224
632,#688741,2,225
633,#617d28,2,226
634,#455c24,2,227
635A,#4e5b26,2,228
636,#264122,2,229
637,#1f391c,2,230
116,#b8c262,2,231
117,#a3b756,2,232
2117,#829c52,2,233
118,#70944a,2,234
2118,#6b8637,2,235
119,#346231,2,236
120,#0e592e,2,237
2120,#156039,2,238
121,#073f26,2,239
122,#062a1e,2,240
2010,#c4c931,2,241
2011,#9eaf23,2,242
2012,#607240,2,243
2013,#466232,2,244
2014,#364f27,2,245
323,#c9d372,2,246
2323,#bdce64,2,247
324,#93b427,2,248
325A,#639620,2,249
326,#2a8e34,2,250
327,#317840,2,251
328,#156938,2,252
329,#075931,2,253
269,#c8db81,2,254
270,#b6cd35,2,255
271,#65aa3d,2,256
272,#4c9d3e,2,257
273,#1a973b,2,258
274,#198941,2,259
275,#127640,2,260
276,#0c753c,2,261
4905,#086a3b,2,262
316A,#a5bf98,2,263
317,#94b894,2,264
2317,#86ae8c,2,265
318,#477b57,2,266
319,#17653e,2,267
2319,#0e5a36,2,268
320,#065631,2,269
2015,#3b6247,2,270
2016,#143c34,2,271
533A,#9cbf9f,2,272
534A,#669d80,2,273
535,#598a6c,2,274
2535,#3c7856,2,275
536A,#1c6049,2,276
2536A,#0a5143,2,277
537,#084f3d,2,278
538,#03403b,2,279
333,#bbddc4,2,280
334,#64ba89,2,281
335,#29965f,2,282
336,#148551,2,283
337,#0c7a4b,2,284
338,#056438,2,285
842,#75c1a7,2,286
843,#56aa93,2,287
844,#239c79,2,288
845,#117f5a,2,289
846,#0a6a44,2,290
896,#85cbc3,2,291
897,#66bdb5,2,292
898,#3aaea1,2,293
899,#1fa58d,2,294
900,#138271,2,295
902,#057464,2,296
2211,#cbe4e1,2,297
561,#aed7c9,2,298
562,#91c8c5,2,299
563,#51bab5,2,300
2563,#48a5aa,2,301
564,#219789,2,302
566,#127c70,2,303
980,#a6b6ab,2,304
981A,#849e95,2,305
2981,#6f8980,2,306
982,#326e6c,2,307
983,#155b5d,2,308
984,#0d4e50,2,309
371,#7ec4c2,2,310
372,#5eb5bc,2,311
373,#4fa7ab,2,312
374,#359ea1,2,313
375,#1f7b8a,2,314
376,#0c6671,2,315
211,#cfe3e2,2,316
2251,#8fc1c0,2,317
252,#71aeb3,2,318
253,#3695a7,2,319
2253,#267ea2,2,320
254,#0e6c86,2,321
2017,#72a2ac,2,322
2018,#5a8993,2,323
2019,#16636d,2,324
2020,#0d3340,2,325
730,#a6c7cc,2,326
731,#98b4bf,2,327
732,#7a99ad,2,328
733,#678c9e,2,329
734,#2a6d7e,2,330
735,#1c4656,2,331
162A,#9ecad5,2,332
163,#93b8ca,2,333
164,#4d85a0,2,334
165A,#226f9b,2,335
166,#0d5f8f,2,336
167,#03547f,2,337
2167,#163b67,2,338
168,#0a3558,2,339
169,#082b47,2,340
410A,#d1e8f0,2,341
411,#acd5eb,2,342
412,#66bfdf,2,343
2412,#26a9d3,2,344
413,#1b8cc6,2,345
414A,#1185c2,2,346
415A,#0569a7,2,347
2021,#9bcdd6,2,348
2022,#17adc5,2,349
2023,#1298be,2,350
2024,#0f8ab6,2,351
2025,#36a4c9,2,352
2026,#1798b8,2,353
2027,#0b6aa4,2,354
520,#dae4e6,2,355
521A,#bddbdb,2,356
522,#a3c9d6,2,357
523,#8cb5d1,2,358
2212,#6ba2c0,2,359
214,#4987b8,2,360
525,#4370a7,2,361
526,#38609e,2,362
2214,#1251a1,2,363
216,#0e4888,2,364
218,#0b417f,2,365
4792,#093b7a,2,366
662,#8da0be,2,367
2662,#6986ae,2,368
663,#5575a6,2,369
664A,#3a5695,2,370
2664,#304e8a,2,371
665,#253e76,2,372
667A,#1f305c,2,373
668,#172a48,2,374
669A,#12223b,2,375
171A,#dddce2,2,376
172A,#c7bfcc,2,377
2172,#a59bb4,2,378
173,#8775a7,2,379
174,#72609c,2,380
175,#635394,2,381
176,#564589,2,382
551,#c8c1c9,2,383
552,#bab2bd,2,384
553,#aea5b8,2,385
554,#8c7ca1,2,386
555,#4d4b7a,2,387
556,#3b3f64,2,388
557,#182748,2,389
2028,#615f6a,2,390
2029,#3d3d57,2,391
2030,#1c252c,2,392
761,#bdb3b2,2,393
762,#948e90,2,394
2762,#816f7b,2,395
763,#6f5d69,2,396
764,#614e64,2,397
765,#4d4054,2,398
766,#2d2532,2,399
2031,#b284a0,2,400
2032,#8d4f74,2,401
2033,#642d4a,2,402
2034,#c6b1b8,2,403
2035,#624655,2,404
261,#caadc1,2,405
262,#bc9eb8,2,406
2262,#a580a1,2,407
263,#7a4f94,2,408
264,#844d84,2,409
265,#77477b,2,410
266,#543463,2,411
281,#d7c7c7,2,412
2281,#c4acba,2,413
282,#a97ba9,2,414
283,#744b91,2,415
284,#6c4389,2,416
285,#633a80,2,417
286,#5b336f,2,418
287A,#573065,2,419
380,#ccb69f,2,420
382,#bd9e81,2,421
383,#a37961,2,422
384,#875647,2,423
386,#744939,2,424
423,#dbbca0,2,425
424,#d7aa89,2,426
2424,#bd895a,2,427
425,#b87757,2,428
426,#894b34,2,429
126A,#e2ad83,2,430
127,#d8996e,2,431
128,#bf7141,2,432
129,#ab5637,2,433
2129,#9c4b30,2,434
130,#772e27,2,435
131,#642724,2,436
2311,#4c251e,2,437
1000,#f6dfb3,2,438
305,#e9d3a4,2,439
306,#e2c488,2,440
307,#ddb97f,2,441
2307,#cb9a57,2,442
308,#a96848,2,443
309,#995e32,2,444
2310,#6b381d,2,445
310,#753f33,2,446
311,#684237,2,447
3311,#513430,2,448
4311,#39262c,2,449
312,#2a201e,2,450
2036,#b5a58e,2,451
2037,#87735a,2,452
2038,#4f3f30,2,453
2039,#6d5938,2,454
2040,#564126,2,455
364,#ebe4d1,2,456
365,#ddd8c2,2,457
366,#cec698,2,458
367,#a0916a,2,459
368,#797456,2,460
369,#5d503d,2,461
370,#423320,2,462
711,#d5d0ba,2,463
712,#c4bfa9,2,464
713,#bcb098,2,465
714,#a09579,2,466
715,#6d6855,2,467
716,#5d5542,2,468
717,#47402e,2,469
718,#3e391b,2,470
2041,#3e4535,2,471
151,#e0dcd3,2,472
890,#b6b8aa,2,473
891,#a2a590,2,474
892,#868781,2,475
893,#606b63,2,476
894,#4b5846,2,477
895,#263a39,2,478
2151,#b3b09d,2,479
152A,#a2a496,2,480
153A,#7a7f79,2,481
154,#59645c,2,482
2154,#4c5753,2,483
155,#3d4844,2,484
156,#192c30,2,485
472,#bebab1,2,486
473,#b3afa3,2,487
474,#988f88,2,488
475,#756c65,2,489
476,#464646,2,490
477,#343031,2,491
478,#20242d,2,492
600,#050505,2,493
601,#0d2120,2,494
602,#010d19,2,495
603,#0a0a0a,2,496
2500,#f5f5f5,2,497
500,#f7f8f2,2,498
100,#fafbf5,2,499
110,#f3f5e7,2,500
100,#fbf6f3,3,1
101,#fee8dc,3,2
102,#ffc9dd,3,3
103,#ffb4d4,3,4
104,#ff84b4,3,5
105,#ff689c,3,6
106,#ff5d8b,3,7
111,#ffe7cb,3,8
116,#ffd7d4,3,9
117,#ffc6d4,3,10
119,#e1778d,3,11
121,#b04756,3,12
122,#932733,3,13
123,#fdc2e1,3,14
124,#ffa6dc,3,15
125,#ff82bf,3,16
126,#ea5ea4,3,17
127,#cb397a,3,18
128,#a91f52,3,19
129,#991943,3,20
131,#ffcbf2,3,21
132,#d07cc7,3,22
133,#b353a3,3,23
134,#83257d,3,24
135,#6f1d5f,3,25
136,#6b0e4c,3,26
137,#620d36,3,27
140,#ffd1ae,3,28
141,#f39f89,3,29
142,#e7766e,3,30
143,#e0645b,3,31
144,#c53c32,3,32
145,#a62114,3,33
154,#f86788,3,34
155,#f33759,3,35
156,#d61f33,3,36
161,#fce2d1,3,37
163,#f3b9b0,3,38
165,#ac716d,3,39
166,#8c4e53,3,40
167,#682524,3,41
169,#ffa375,3,42
170,#fd855c,3,43
171,#fd6837,3,44
172,#fd4f1b,3,45
173,#fb4113,3,46
174,#e52d07,3,47
175,#cf2203,3,48
180,#fdb6a6,3,49
182,#f7807a,3,50
184,#ef594a,3,51
186,#df3527,3,52
188,#bb2422,3,53
190,#930e11,3,54
192,#820b16,3,55
194,#630913,3,56
196,#470b13,3,57
198,#350b0d,3,58
1011,#ffcdc8,3,59
1013,#f47e96,3,60
1014,#cf516e,3,61
1021,#ffefda,3,62
1026,#b64047,3,63
1027,#921f24,3,64
1028,#6a1415,3,65
1029,#4c0908,3,66
1031,#e59aa8,3,67
1032,#db758b,3,68
1033,#c15573,3,69
1034,#ac3d5e,3,70
1035,#8e2638,3,71
1041,#ffd1e8,3,72
1042,#fcb1d8,3,73
1043,#f6a3cd,3,74
1044,#f173aa,3,75
1045,#ef5e99,3,76
1046,#e63774,3,77
1051,#ef370b,3,78
1052,#e12506,3,79
1053,#cc1404,3,80
1081,#ffbbbe,3,81
1082,#f3778b,3,82
1083,#e75c71,3,83
1084,#d33e4d,3,84
1085,#b81d33,3,85
1118,#fc9caf,3,86
1119,#d8667e,3,87
1120,#d14b6c,3,88
1121,#b52c45,3,89
1122,#8b1223,3,90
1205,#994848,3,91
1600,#d299a3,3,92
1601,#a56a75,3,93
1602,#8a5160,3,94
1603,#6a363b,3,95
1701,#eebcbb,3,96
1702,#d4909d,3,97
1703,#bf6c77,3,98
1704,#b14e5b,3,99
1705,#94303b,3,100
1706,#7f121d,3,101
1898,#fedce2,3,102
1900,#f8c4d3,3,103
1902,#cf7994,3,104
1904,#83334b,3,105
1906,#6b1c2f,3,106
1908,#520d19,3,107
200,#08661f,3,108
201,#92b99f,3,109
202,#639470,3,110
203,#407652,3,111
204,#255235,3,112
205,#0e3d21,3,113
206,#082916,3,114
210,#b8ce7a,3,115
212,#80a33d,3,116
214,#607d14,3,117
216,#3b5d07,3,118
218,#284905,3,119
219,#a0dde2,3,120
220,#82c8cf,3,121
221,#69b7c1,3,122
2215,#398b97,3,123
222,#297981,3,124
223,#0b5b64,3,125
227,#cdeb7b,3,126
228,#9ac356,3,127
229,#70a742,3,128
231,#468a35,3,129
232,#398030,3,130
233,#216125,3,131
235,#99a671,3,132
236,#677b40,3,133
237,#4f6622,3,134
238,#164521,3,135
243,#90b07f,3,136
244,#659460,3,137
2445,#477841,3,138
245,#2b5f2f,3,139
246,#1d4b1c,3,140
247,#113b0d,3,141
251,#c3d9aa,3,142
252,#9dc89d,3,143
253,#5d9b68,3,144
254,#397b4b,3,145
255,#2d643c,3,146
257,#1c4928,3,147
261,#a9d391,3,148
262,#7cb077,3,149
263,#3d7a3f,3,150
264,#276a34,3,151
265,#124720,3,152
273,#8fb448,3,153
274,#78a338,3,154
275,#46741b,3,155
276,#2f620b,3,156
277,#163e07,3,157
283,#a9a72d,3,158
2835,#878713,3,159
284,#626203,3,160
285,#3f4200,3,161
287,#99a953,3,162
288,#6c761e,3,163
289,#3c4806,3,164
290,#e6ea6a,3,165
291,#c9cb3c,3,166
292,#adb722,3,167
293,#7a911c,3,168
294,#5a6b0f,3,169
2011,#56670a,3,170
2012,#4e5d1b,3,171
2013,#3e520d,3,172
2014,#2c3d10,3,173
2015,#1f2f0b,3,174
2016,#162807,3,175
2020,#8bae20,3,176
2021,#669a1c,3,177
2022,#467b13,3,178
2023,#265208,3,179
2039,#cbe7de,3,180
2040,#a8c8c5,3,181
2041,#8ab0ad,3,182
2042,#66908e,3,183
2050,#a2af82,3,184
2051,#778d5e,3,185
2052,#3d5d2e,3,186
2065,#14441e,3,187
2070,#74953b,3,188
2071,#5a852e,3,189
2072,#3d6c26,3,190
2073,#204d15,3,191
2502,#257564,3,192
301,#b6d4e3,3,193
302,#87b1c6,3,194
303,#6893ba,3,195
304,#2d5592,3,196
305,#204572,3,197
306,#113566,3,198
307,#07265d,3,199
308,#051947,3,200
310,#b1cad7,3,201
312,#6b818f,3,202
314,#465d74,3,203
316,#2e4755,3,204
318,#12222f,3,205
324,#0b0918,3,206
331,#a0b1c1,3,207
332,#4d6f9d,3,208
333,#294881,3,209
334,#061a4f,3,210
335,#03092d,3,211
341,#85aaa3,3,212
342,#6d8f91,3,213
343,#305454,3,214
344,#0e231e,3,215
351,#bfd8df,3,216
352,#769dba,3,217
353,#5a7da7,3,218
354,#355a84,3,219
355,#163160,3,220
356,#0a1c40,3,221
357,#04122f,3,222
358,#02071a,3,223
361,#cee0ee,3,224
362,#a5c3df,3,225
363,#729ace,3,226
364,#4874bf,3,227
365,#1b478e,3,228
366,#092d79,3,229
367,#04226a,3,230
368,#00105b,3,231
369A,#e3f8fd,3,232
370A,#afd3e9,3,233
3705A,#6eb2e3,3,234
371A,#348fd8,3,235
3715A,#0665d3,3,236
372A,#0251c8,3,237
383,#cae2e2,3,238
3835,#85b4d2,3,239
384,#629fbb,3,240
385,#2f5d99,3,241
386,#154377,3,242
390,#6a99b3,3,243
391,#3c7294,3,244
392,#1c5487,3,245
393,#0b366b,3,246
3040,#c1cec5,3,247
3041,#91a19e,3,248
3042,#647775,3,249
3043,#3e5c5e,3,250
3044,#1e3934,3,251
3050,#9dc1f3,3,252
3051,#6381c7,3,253
3052,#364f9f,3,254
411,#7a826b,3,255
412,#6e7563,3,256
413,#59604e,3,257
414,#3f4537,3,258
415,#33392b,3,259
416,#25281d,3,260
421,#b2b09b,3,261
422,#818167,3,262
423,#626143,3,263
430,#a3a290,3,264
431,#70704e,3,265
432,#5a5f37,3,266
440,#30332c,3,267
441,#1f2420,3,268
451,#948b7d,3,269
452,#7d7369,3,270
453,#675d53,3,271
483,#a8a9a3,3,272
484,#8d9192,3,273
485,#68696e,3,274
486,#4b4e57,3,275
487,#2a3036,3,276
488,#202126,3,277
501,#f8db5b,3,278
502,#eec631,3,279
503,#da9c1a,3,280
512,#c28710,3,281
514,#a9680d,3,282
516,#714301,3,283
520,#fef7af,3,284
5205,#fdef8d,3,285
521,#f8dc60,3,286
522,#f4ce3d,3,287
523,#e9a515,3,288
524,#e28c05,3,289
525,#de7603,3,290
531,#e5a55e,3,291
532,#ea9b3f,3,292
533,#f78a1f,3,293
534,#f47a1c,3,294
535,#ef621b,3,295
540,#fcf5a5,3,296
541,#fcf477,3,297
542,#fcf13f,3,298
543,#fceb22,3,299
544,#ffe514,3,300
546,#fbd70e,3,301
551,#feee99,3,302
552,#f7d166,3,303
553,#f4bd46,3,304
554,#efad26,3,305
555,#e89720,3,306
556,#e77b06,3,307
561,#c2b243,3,308
562,#ac9831,3,309
563,#998314,3,310
564,#7d6010,3,311
565,#615009,3,312
575,#4f3605,3,313
580,#eed05d,3,314
581,#dfb638,3,315
582,#cfa126,3,316
583,#bf8d15,3,317
600,#c199cb,3,318
601,#a472b7,3,319
602,#8758a4,3,320
603,#592b7a,3,321
604,#370c54,3,322
605,#2f0744,3,323
611,#b7bed1,3,324
612,#9c97bf,3,325
613,#8784af,3,326
614,#605c86,3,327
615,#403f69,3,328
616,#1d1f47,3,329
621,#aaa7d1,3,330
622,#8d87b8,3,331
623,#6f61ae,3,332
624,#56499b,3,333
625,#483286,3,334
626,#382278,3,335
630,#cbb9c6,3,336
631,#9f8797,3,337
632,#725664,3,338
640,#7d95c3,3,339
641,#576997,3,340
642,#3a4786,3,341
643,#29337c,3,342
644,#19255f,3,343
645,#101a4e,3,344
651,#e8d2d3,3,345
652,#af9aab,3,346
653,#8b6c8c,3,347
654,#583762,3,348
6655,#45244f,3,349
655,#412232,3,350
672,#cba9dc,3,351
673,#8963ad,3,352
674,#653e8f,3,353
675,#48246c,3,354
676,#331054,3,355
700,#d4211d,3,356
701,#ba0618,3,357
711,#c7801f,3,358
712,#915313,3,359
713,#5f2a0a,3,360
714,#411303,3,361
721,#c1aa6f,3,362
722,#98783c,3,363
723,#734f15,3,364
731,#e1d1af,3,365
733,#c6ab7c,3,366
734,#aa8f4a,3,367
735,#7c5523,3,368
736,#664112,3,369
737,#4f2c0d,3,370
738,#321e0b,3,371
778,#281409,3,372
739,#150e04,3,373
740,#c0b19c,3,374
741,#baa488,3,375
742,#9f8869,3,376
743,#7a603f,3,377
744,#73522f,3,378
745,#5e4423,3,379
751,#facc90,3,380
752,#f9a665,3,381
753,#ee8439,3,382
754,#c55316,3,383
755,#9b370d,3,384
758,#8a3d1a,3,385
765,#ad6f58,3,386
766,#a5644e,3,387
767,#94503d,3,388
768,#84412d,3,389
769,#732d23,3,390
782,#cf8852,3,391
783,#ab6331,3,392
784,#904116,3,393
785,#712d07,3,394
786,#5e240e,3,395
791,#d7ad98,3,396
792,#b98d79,3,397
793,#a87363,3,398
794,#89523e,3,399
795,#6a2f1f,3,400
796,#4e2513,3,401
7010,#f4dab7,3,402
7020,#e8d18b,3,403
7025,#2a1d0c,3,404
800,#fdfdff,3,405
801,#f6f6f4,3,406
810,#cdc3aa,3,407
811,#b2a488,3,408
812,#948e6e,3,409
813,#7c7455,3,410
814,#6d6747,3,411
815,#524c2c,3,412
825,#2f2606,3,413
841,#a9a06e,3,414
842,#8d7b4b,3,415
843,#665423,3,416
844,#58481c,3,417
845,#392b03,3,418
850,#ffffe4,3,419
900,#000000,3,420